time_period,time_identifier,geographic_level,country_code,country_name,age_group,graduate_type,Employment_rate,High_skill_emp_rate,Unemployment_rate,inactivity_rate
2007,Calendar year,National,E92000001,England,Age Group 16-64,Graduate,87.3,68.7,2.8,10.2
2007,Calendar year,National,E92000001,England,Age Group 16-64,Non-Graduate,69.5,22.5,6.3,25.9
2007,Calendar year,National,E92000001,England,Age Group 16-64,Postgraduate,89.1,81.3,2.6,8.5
2007,Calendar year,National,E92000001,England,Age Group 21-30,Graduate,86.9,60.1,4.1,9.4
2007,Calendar year,National,E92000001,England,Age Group 21-30,Non-Graduate,72.6,20.0,7.8,21.2
2007,Calendar year,National,E92000001,England,Age Group 21-30,Postgraduate,88.2,75.9,3.2,8.9
2008,Calendar year,National,E92000001,England,Age Group 16-64,Graduate,86.0,68.7,3.2,11.2
2008,Calendar year,National,E92000001,England,Age Group 16-64,Non-Graduate,69.6,22.5,6.7,25.4
2008,Calendar year,National,E92000001,England,Age Group 16-64,Postgraduate,87.4,79.2,2.4,10.4
2008,Calendar year,National,E92000001,England,Age Group 21-30,Graduate,86.7,61.3,4.6,9.1
2008,Calendar year,National,E92000001,England,Age Group 21-30,Non-Graduate,71.9,19.3,8.7,21.2
2008,Calendar year,National,E92000001,England,Age Group 21-30,Postgraduate,87.3,74.0,3.0,10.0
2009,Calendar year,National,E92000001,England,Age Group 16-64,Graduate,84.7,67.3,4.4,11.4
2009,Calendar year,National,E92000001,England,Age Group 16-64,Non-Graduate,67.6,21.9,9.0,25.8
2009,Calendar year,National,E92000001,England,Age Group 16-64,Postgraduate,87.0,78.7,3.2,10.2
2009,Calendar year,National,E92000001,England,Age Group 21-30,Graduate,83.6,57.8,6.7,10.4
2009,Calendar year,National,E92000001,England,Age Group 21-30,Non-Graduate,68.5,18.6,12.4,21.8
2009,Calendar year,National,E92000001,England,Age Group 21-30,Postgraduate,86.9,73.5,4.8,8.7
2010,Calendar year,National,E92000001,England,Age Group 16-64,Graduate,84.9,66.2,4.3,11.3
2010,Calendar year,National,E92000001,England,Age Group 16-64,Non-Graduate,66.8,21.8,9.2,26.4
2010,Calendar year,National,E92000001,England,Age Group 16-64,Postgraduate,86.1,77.3,3.6,10.7
2010,Calendar year,National,E92000001,England,Age Group 21-30,Graduate,83.4,55.3,6.4,10.8
2010,Calendar year,National,E92000001,England,Age Group 21-30,Non-Graduate,68.7,17.7,12.0,22.0
2010,Calendar year,National,E92000001,England,Age Group 21-30,Postgraduate,83.8,68.9,6.5,10.4
2011,Calendar year,National,E92000001,England,Age Group 16-64,Graduate,85.0,66.0,4.3,11.2
2011,Calendar year,National,E92000001,England,Age Group 16-64,Non-Graduate,66.7,21.0,9.5,26.2
2011,Calendar year,National,E92000001,England,Age Group 16-64,Postgraduate,85.7,77.4,3.9,10.9
2011,Calendar year,National,E92000001,England,Age Group 21-30,Graduate,84.3,55.5,6.8,9.5
2011,Calendar year,National,E92000001,England,Age Group 21-30,Non-Graduate,68.0,16.4,12.7,22.1
2011,Calendar year,National,E92000001,England,Age Group 21-30,Postgraduate,86.4,72.1,5.5,8.6
2012,Calendar year,National,E92000001,England,Age Group 16-64,Graduate,85.6,65.3,4.3,10.6
2012,Calendar year,National,E92000001,England,Age Group 16-64,Non-Graduate,67.3,21.2,9.4,25.7
2012,Calendar year,National,E92000001,England,Age Group 16-64,Postgraduate,86.3,78.0,3.8,10.3
2012,Calendar year,National,E92000001,England,Age Group 21-30,Graduate,84.5,53.9,7.1,9.0
2012,Calendar year,National,E92000001,England,Age Group 21-30,Non-Graduate,67.4,16.4,12.9,22.6
2012,Calendar year,National,E92000001,England,Age Group 21-30,Postgraduate,85.4,71.6,6.1,9.0
2013,Calendar year,National,E92000001,England,Age Group 16-64,Graduate,86.0,65.7,4.0,10.4
2013,Calendar year,National,E92000001,England,Age Group 16-64,Non-Graduate,67.6,21.6,9.1,25.6
2013,Calendar year,National,E92000001,England,Age Group 16-64,Postgraduate,86.7,78.0,3.4,10.2
2013,Calendar year,National,E92000001,England,Age Group 21-30,Graduate,85.1,53.3,6.5,9.0
2013,Calendar year,National,E92000001,England,Age Group 21-30,Non-Graduate,68.1,15.6,12.8,21.9
2013,Calendar year,National,E92000001,England,Age Group 21-30,Postgraduate,85.7,72.2,5.4,9.5
2014,Calendar year,National,E92000001,England,Age Group 16-64,Graduate,87.1,67.6,3.3,10.0
2014,Calendar year,National,E92000001,England,Age Group 16-64,Non-Graduate,69.0,21.5,7.5,25.4
2014,Calendar year,National,E92000001,England,Age Group 16-64,Postgraduate,87.5,78.0,2.3,10.5
2014,Calendar year,National,E92000001,England,Age Group 21-30,Graduate,87.0,58.0,5.2,8.2
2014,Calendar year,National,E92000001,England,Age Group 21-30,Non-Graduate,70.3,16.7,10.3,21.7
2014,Calendar year,National,E92000001,England,Age Group 21-30,Postgraduate,87.1,72.8,3.9,9.3
2015,Calendar year,National,E92000001,England,Age Group 16-64,Graduate,87.1,66.2,3.1,10.1
2015,Calendar year,National,E92000001,England,Age Group 16-64,Non-Graduate,69.8,21.3,6.4,25.4
2015,Calendar year,National,E92000001,England,Age Group 16-64,Postgraduate,87.5,78.1,2.3,10.5
2015,Calendar year,National,E92000001,England,Age Group 21-30,Graduate,86.6,55.8,4.9,8.9
2015,Calendar year,National,E92000001,England,Age Group 21-30,Non-Graduate,71.7,17.2,8.6,21.6
2015,Calendar year,National,E92000001,England,Age Group 21-30,Postgraduate,87.4,73.4,3.6,9.4
2016,Calendar year,National,E92000001,England,Age Group 16-64,Graduate,87.3,65.5,2.9,10.1
2016,Calendar year,National,E92000001,England,Age Group 16-64,Non-Graduate,70.4,22.0,5.9,25.2
2016,Calendar year,National,E92000001,England,Age Group 16-64,Postgraduate,88.0,78.4,2.1,10.1
2016,Calendar year,National,E92000001,England,Age Group 21-30,Graduate,87.0,55.9,4.6,8.7
2016,Calendar year,National,E92000001,England,Age Group 21-30,Non-Graduate,73.3,16.5,7.7,20.6
2016,Calendar year,National,E92000001,England,Age Group 21-30,Postgraduate,90.6,75.3,2.9,6.7
2017,Calendar year,National,E92000001,England,Age Group 16-64,Graduate,87.4,65.5,2.8,10.1
2017,Calendar year,National,E92000001,England,Age Group 16-64,Non-Graduate,71.1,22.2,5.3,24.9
2017,Calendar year,National,E92000001,England,Age Group 16-64,Postgraduate,87.7,77.8,2.4,10.1
2017,Calendar year,National,E92000001,England,Age Group 21-30,Graduate,88.7,57.8,4.0,7.6
2017,Calendar year,National,E92000001,England,Age Group 21-30,Non-Graduate,74.6,17.8,6.7,20.0
2017,Calendar year,National,E92000001,England,Age Group 21-30,Postgraduate,88.3,73.9,4.5,7.5
2018,Calendar year,National,E92000001,England,Age Group 16-64,Graduate,87.7,65.4,2.6,10.0
2018,Calendar year,National,E92000001,England,Age Group 16-64,Non-Graduate,71.6,22.9,5.0,24.7
2018,Calendar year,National,E92000001,England,Age Group 16-64,Postgraduate,87.4,76.5,2.2,10.6
2018,Calendar year,National,E92000001,England,Age Group 21-30,Graduate,87.8,57.0,4.0,8.5
2018,Calendar year,National,E92000001,England,Age Group 21-30,Non-Graduate,73.9,19.2,6.9,20.6
2018,Calendar year,National,E92000001,England,Age Group 21-30,Postgraduate,86.1,71.6,4.0,10.3
2019,Calendar year,National,E92000001,England,Age Group 16-64,Graduate,87.5,65.6,2.6,10.2
2019,Calendar year,National,E92000001,England,Age Group 16-64,Non-Graduate,72.0,23.9,4.8,24.4
2019,Calendar year,National,E92000001,England,Age Group 16-64,Postgraduate,88.7,78.9,1.9,9.6
2019,Calendar year,National,E92000001,England,Age Group 21-30,Graduate,87.9,58.1,4.5,7.9
2019,Calendar year,National,E92000001,England,Age Group 21-30,Non-Graduate,74.6,20.0,6.6,20.2
2019,Calendar year,National,E92000001,England,Age Group 21-30,Postgraduate,88.3,76.6,4.0,8.0
2020,Calendar year,National,E92000001,England,Age Group 16-64,Graduate,86.4,66.0,3.7,10.2
2020,Calendar year,National,E92000001,England,Age Group 16-64,Non-Graduate,71.3,24.5,5.3,24.7
2020,Calendar year,National,E92000001,England,Age Group 16-64,Postgraduate,88.2,78.4,2.7,9.4
2020,Calendar year,National,E92000001,England,Age Group 21-30,Graduate,86.5,58.1,6.3,7.7
2020,Calendar year,National,E92000001,England,Age Group 21-30,Non-Graduate,74.8,21.4,7.1,19.5
2020,Calendar year,National,E92000001,England,Age Group 21-30,Postgraduate,88.3,75.5,3.9,8.1
