time_period,time_identifier,geographic_level,country_code,country_name,graduate_characteristic,graduate_breakdown,Employment_rate,High_skill_emp_rate,Unemployment_rate,Inactivity_rate,median
2020,Calendar year,National,E92000001,England,Age Group ,Age Group 21-30,86.5,58.1,6.3,7.7,28000
2020,Calendar year,National,E92000001,England,Age Group ,Age Group 31-40,91.8,73.9,2.5,5.8,40000
2020,Calendar year,National,E92000001,England,Age Group ,Age Group 41-50,90.8,73.0,2.4,7.0,42000
2020,Calendar year,National,E92000001,England,Age Group ,Age Group 51-60,82.1,65.7,2.5,15.8,42000
