time_period,time_identifier,geographic_level,country_code,country_name,graduate_group,graduate_characteristic,graduate_breakdown,Employment_rate,High_skill_emp_rate,Unemployment_rate,Inactivity_rate
2020,Calendar year,National,E92000001,England,Graduates 16-64,Degree class,Degree class First,86.9,66.4,3.7,9.8
2020,Calendar year,National,E92000001,England,Graduates 16-64,Degree class,Degree class Lower Second 2:2,85.6,63.7,3.7,11.1
2020,Calendar year,National,E92000001,England,Graduates 16-64,Degree class,Degree class Third,83.4,61.7,:,12.1
2020,Calendar year,National,E92000001,England,Graduates 16-64,Degree class,Degree class Upper Second 2:1,87.4,67.7,3.8,9.2
2020,Calendar year,National,E92000001,England,Graduates 16-64,Disability status ,Disability status Equality Act Disabled,73.4,52.0,5.4,22.4
2020,Calendar year,National,E92000001,England,Graduates 16-64,Disability status ,Disability status Not Equality Act Disabled,88.4,68.1,3.5,8.4
2020,Calendar year,National,E92000001,England,Graduates 16-64,Ethnicity ,Ethnicity Asian or Asian British,85.4,62.8,5.2,9.9
2020,Calendar year,National,E92000001,England,Graduates 16-64,Ethnicity ,Ethnicity Black or African or Caribbean or Black British,81.2,53.2,8.6,11.1
2020,Calendar year,National,E92000001,England,Graduates 16-64,Ethnicity ,Ethnicity Other ethnic group.,85.4,62.2,:,11.7
2020,Calendar year,National,E92000001,England,Graduates 16-64,Ethnicity ,Ethnicity White,86.8,67.0,3.4,10.1
2020,Calendar year,National,E92000001,England,Graduates 16-64,Government Office Region ,Government Office Region East Midlands,86.5,64.4,3.2,10.6
2020,Calendar year,National,E92000001,England,Graduates 16-64,Government Office Region ,Government Office Region Eastern,85.9,65.4,4.1,10.5
2020,Calendar year,National,E92000001,England,Graduates 16-64,Government Office Region ,Government Office Region London,86.6,69.2,5.1,8.8
2020,Calendar year,National,E92000001,England,Graduates 16-64,Government Office Region ,Government Office Region North East,87.7,62.7,:,9.4
2020,Calendar year,National,E92000001,England,Graduates 16-64,Government Office Region ,Government Office Region North West (inc Merseyside),86.7,63.6,3.3,10.3
2020,Calendar year,National,E92000001,England,Graduates 16-64,Government Office Region ,Government Office Region South East,86.2,67.4,3.5,10.7
2020,Calendar year,National,E92000001,England,Graduates 16-64,Government Office Region ,Government Office Region South West,85.2,65.2,2.8,12.3
2020,Calendar year,National,E92000001,England,Graduates 16-64,Government Office Region ,Government Office Region West Midlands,86.6,64.6,3.6,10.1
2020,Calendar year,National,E92000001,England,Graduates 16-64,Government Office Region ,Government Office Region Yorkshire and Humberside,86.9,63.8,2.9,10.5
2020,Calendar year,National,E92000001,England,Graduates 16-64,Subject Group,Subject Group LEM,86.9,65.1,4.3,9.2
2020,Calendar year,National,E92000001,England,Graduates 16-64,Subject Group,Subject Group OSSAH,85.6,60.5,4.4,10.4
2020,Calendar year,National,E92000001,England,Graduates 16-64,Gender,Gender Female,84.9,62.1,3.5,11.9
2020,Calendar year,National,E92000001,England,Graduates 16-64,Gender,Gender Male,88.0,70.1,4.0,8.3
2020,Calendar year,National,E92000001,England,Graduates 16-64,Subject Group,Subject Group STEM,87.5,72.3,2.8,10.0
2020,Calendar year,National,E92000001,England,Graduates 21-30,Degree class,Degree class First,86.4,60.3,5.4,8.8
2020,Calendar year,National,E92000001,England,Graduates 21-30,Degree class,Degree class Lower Second 2:2,84.2,52.1,8.8,7.6
2020,Calendar year,National,E92000001,England,Graduates 21-30,Degree class,Degree class Third,82.2,44.0,:,:
2020,Calendar year,National,E92000001,England,Graduates 21-30,Degree class,Degree class Upper Second 2:1,87.4,60.2,5.7,7.3
2020,Calendar year,National,E92000001,England,Graduates 21-30,Disability status ,Disability status Equality Act Disabled,79.8,44.2,9.1,12.2
2020,Calendar year,National,E92000001,England,Graduates 21-30,Disability status ,Disability status Not Equality Act Disabled,87.3,59.7,5.9,7.2
2020,Calendar year,National,E92000001,England,Graduates 21-30,Ethnicity ,Ethnicity Asian or Asian British,81.0,55.8,8.4,11.6
2020,Calendar year,National,E92000001,England,Graduates 21-30,Ethnicity ,Ethnicity Black or African or Caribbean or Black British,72.6,38.0,:,:
2020,Calendar year,National,E92000001,England,Graduates 21-30,Ethnicity ,Ethnicity Other ethnic group.,82.6,52.4,:,13.6
2020,Calendar year,National,E92000001,England,Graduates 21-30,Ethnicity ,Ethnicity White,88.0,59.8,5.7,6.7
2020,Calendar year,National,E92000001,England,Graduates 21-30,Government Office Region ,Government Office Region East Midlands,84.8,58.4,:,9.9
2020,Calendar year,National,E92000001,England,Graduates 21-30,Government Office Region ,Government Office Region Eastern,85.3,56.3,7.7,7.6
2020,Calendar year,National,E92000001,England,Graduates 21-30,Government Office Region ,Government Office Region London,86.8,63.8,6.4,7.2
2020,Calendar year,National,E92000001,England,Graduates 21-30,Government Office Region ,Government Office Region North East,89.0,52.9,:,:
2020,Calendar year,National,E92000001,England,Graduates 21-30,Government Office Region ,Government Office Region North West (inc Merseyside),88.0,53.8,5.9,6.5
2020,Calendar year,National,E92000001,England,Graduates 21-30,Government Office Region ,Government Office Region South East,84.4,57.5,7.7,8.5
2020,Calendar year,National,E92000001,England,Graduates 21-30,Government Office Region ,Government Office Region South West,87.1,57.8,:,8.9
2020,Calendar year,National,E92000001,England,Graduates 21-30,Government Office Region ,Government Office Region West Midlands,86.3,54.0,6.2,8.0
2020,Calendar year,National,E92000001,England,Graduates 21-30,Government Office Region ,Government Office Region Yorkshire and Humberside,87.3,58.1,:,8.5
2020,Calendar year,National,E92000001,England,Graduates 21-30,Subject Group,Subject Group LEM,87.7,55.8,5.4,7.3
2020,Calendar year,National,E92000001,England,Graduates 21-30,Subject Group,Subject Group OSSAH,85.5,51.2,7.7,7.4
2020,Calendar year,National,E92000001,England,Graduates 21-30,Gender,Gender Female,87.0,57.4,5.7,7.8
2020,Calendar year,National,E92000001,England,Graduates 21-30,Gender,Gender Male,85.8,58.8,7.0,7.7
2020,Calendar year,National,E92000001,England,Graduates 21-30,Subject Group,Subject Group STEM,86.6,65.7,5.3,8.6
