time_period,time_identifier,geographic_level,country_code,country_name,graduate_group,graduate_characteristic,graduate_breakdown,median,sample_size
2020,Calendar year,National,E92000001,England,Graduates 16-64,Gender,Gender Male,39000,Not published
2020,Calendar year,National,E92000001,England,Graduates 16-64,Gender,Gender Female,30500,Not published
2020,Calendar year,National,E92000001,England,Graduates 16-64,Ethnicity,Ethnicity White,35000,Not published
2020,Calendar year,National,E92000001,England,Graduates 16-64,Ethnicity,Ethnicity  Asian or Asian British,35000,Not published
2020,Calendar year,National,E92000001,England,Graduates 16-64,Ethnicity,Ethnicity Black or African or Caribbean or Black British,30000,Not published
2020,Calendar year,National,E92000001,England,Graduates 16-64,Ethnicity,Ethnicity Other ethnic group,34000,Not published
2020,Calendar year,National,E92000001,England,Graduates 16-64,Disability status,Disability status Equality Act Disabled,31500,Not published
2020,Calendar year,National,E92000001,England,Graduates 16-64,Disability status,Disability status Not Equality Act Disabled,35000,Not published
2020,Calendar year,National,E92000001,England,Graduates 16-64,Degree class,Degree class First,32000,Not published
2020,Calendar year,National,E92000001,England,Graduates 16-64,Degree class,Degree class Upper Second 2:1,35000,Not published
2020,Calendar year,National,E92000001,England,Graduates 16-64,Degree class,Degree class Lower Second 2:2,35000,Not published
2020,Calendar year,National,E92000001,England,Graduates 16-64,Degree class,Degree class Third,36000,Not published
2020,Calendar year,National,E92000001,England,Graduates 16-64,Subject Group,Subject Group STEM,36000,Not published
2020,Calendar year,National,E92000001,England,Graduates 16-64,Subject Group,Subject Group LEM,38000,Not published
2020,Calendar year,National,E92000001,England,Graduates 16-64,Subject Group,Subject Group OSSAH,30500,Not published
2020,Calendar year,National,E92000001,England,Graduates 16-64,Occupation,Occupation Managers or Directors or Senior Officials,48500,Not published
2020,Calendar year,National,E92000001,England,Graduates 16-64,Occupation,Occupation Professional Occupations,38000,Not published
2020,Calendar year,National,E92000001,England,Graduates 16-64,Occupation,Occupation Associate Professional And Technical Occupations,33000,Not published
2020,Calendar year,National,E92000001,England,Graduates 16-64,Occupation,Occupation Medium Skilled Employment,24000,Not published
2020,Calendar year,National,E92000001,England,Graduates 16-64,Occupation,Occupation Low Skilled Employment,21500,Not published
2020,Calendar year,National,E92000001,England,Graduates 16-64,Industry,Industry Manufacturing,42000,354
2020,Calendar year,National,E92000001,England,Graduates 16-64,Industry,Industry Construction,40000,160
2020,Calendar year,National,E92000001,England,Graduates 16-64,Industry,Industry Distribution or Hotels or Restaurants,27000,348
2020,Calendar year,National,E92000001,England,Graduates 16-64,Industry,Industry Transport and Communication,40000,474
2020,Calendar year,National,E92000001,England,Graduates 16-64,Industry,Industry Banking and Finance,38000,1060
2020,Calendar year,National,E92000001,England,Graduates 16-64,Industry,Industry Public Admin or Education or Health,32000,1663
2020,Calendar year,National,E92000001,England,Graduates 16-64,Government Office Region,Government Office Region North East,29000,Not published
2020,Calendar year,National,E92000001,England,Graduates 16-64,Government Office Region,Government Office Region North West (inc Merseyside),32500,Not published
2020,Calendar year,National,E92000001,England,Graduates 16-64,Government Office Region,Government Office Region Yorkshire and Humberside,30000,Not published
2020,Calendar year,National,E92000001,England,Graduates 16-64,Government Office Region,Government Office Region East Midlands,31500,Not published
2020,Calendar year,National,E92000001,England,Graduates 16-64,Government Office Region,Government Office Region West Midlands,31500,Not published
2020,Calendar year,National,E92000001,England,Graduates 16-64,Government Office Region,Government Office Region Eastern,36000,Not published
2020,Calendar year,National,E92000001,England,Graduates 16-64,Government Office Region,Government Office Region London,40000,Not published
2020,Calendar year,National,E92000001,England,Graduates 16-64,Government Office Region,Government Office Region South East,36000,Not published
2020,Calendar year,National,E92000001,England,Graduates 16-64,Government Office Region,Government Office Region South West,33500,Not published
2020,Calendar year,National,E92000001,England,Graduates 16-64,Industry and Gender,Industry Manufacturing and Gender Male,44000,234
2020,Calendar year,National,E92000001,England,Graduates 16-64,Industry and Gender,Industry Construction and Gender Male,42000,117
2020,Calendar year,National,E92000001,England,Graduates 16-64,Industry and Gender,Industry Distribution or Hotels or Restaurants and Gender Male,27500,188
2020,Calendar year,National,E92000001,England,Graduates 16-64,Industry and Gender,Industry Transport and Communication and Gender Male,43000,340
2020,Calendar year,National,E92000001,England,Graduates 16-64,Industry and Gender,Industry Banking and Finance and Gender Male,45000,642
2020,Calendar year,National,E92000001,England,Graduates 16-64,Industry and Gender,Industry Public Admin or Education or Health and Gender Male,34000,555
2020,Calendar year,National,E92000001,England,Graduates 16-64,Industry and Gender,Industry Manufacturing and Gender Female,33000,120
2020,Calendar year,National,E92000001,England,Graduates 16-64,Industry and Gender,Industry Construction and Gender Female,30000,43
2020,Calendar year,National,E92000001,England,Graduates 16-64,Industry and Gender,Industry Distribution or Hotels or Restaurants and Gender Female,26500,160
2020,Calendar year,National,E92000001,England,Graduates 16-64,Industry and Gender,Industry Transport and Communication and Gender Female,35500,134
2020,Calendar year,National,E92000001,England,Graduates 16-64,Industry and Gender,Industry Banking and Finance and Gender Female,31500,418
2020,Calendar year,National,E92000001,England,Graduates 16-64,Industry and Gender,Industry Public Admin or Education or Health and Gender Female,30500,1108
2020,Calendar year,National,E92000001,England,Graduates 21-30,Gender,Gender Male,28500,Not published
2020,Calendar year,National,E92000001,England,Graduates 21-30,Gender,Gender Female,27000,Not published
2020,Calendar year,National,E92000001,England,Graduates 21-30,Ethnicity,Ethnicity White,27500,Not published
2020,Calendar year,National,E92000001,England,Graduates 21-30,Ethnicity,Ethnicity  Asian or Asian British,28000,Not published
2020,Calendar year,National,E92000001,England,Graduates 21-30,Ethnicity,Ethnicity Black or African or Caribbean or Black British,:,Not published
2020,Calendar year,National,E92000001,England,Graduates 21-30,Ethnicity,Ethnicity Other ethnic group,27000,Not published
2020,Calendar year,National,E92000001,England,Graduates 21-30,Disability status,Disability status Equality Act Disabled,24000,Not published
2020,Calendar year,National,E92000001,England,Graduates 21-30,Disability status,Disability status Not Equality Act Disabled,28000,Not published
2020,Calendar year,National,E92000001,England,Graduates 21-30,Degree class,Degree class First,30000,Not published
2020,Calendar year,National,E92000001,England,Graduates 21-30,Degree class,Degree class Upper Second 2:1,27000,Not published
2020,Calendar year,National,E92000001,England,Graduates 21-30,Degree class,Degree class Lower Second 2:2,26500,Not published
2020,Calendar year,National,E92000001,England,Graduates 21-30,Degree class,Degree class Third,:,Not published
2020,Calendar year,National,E92000001,England,Graduates 21-30,Subject Group,Subject Group STEM,29000,Not published
2020,Calendar year,National,E92000001,England,Graduates 21-30,Subject Group,Subject Group LEM,28000,Not published
2020,Calendar year,National,E92000001,England,Graduates 21-30,Subject Group,Subject Group OSSAH,26000,Not published
2020,Calendar year,National,E92000001,England,Graduates 21-30,Occupation,Occupation Managers or Directors or Senior Officials,32000,Not published
2020,Calendar year,National,E92000001,England,Graduates 21-30,Occupation,Occupation Professional Occupations,30000,Not published
2020,Calendar year,National,E92000001,England,Graduates 21-30,Occupation,Occupation Associate Professional And Technical Occupations,27500,Not published
2020,Calendar year,National,E92000001,England,Graduates 21-30,Occupation,Occupation Medium Skilled Employment,22000,Not published
2020,Calendar year,National,E92000001,England,Graduates 21-30,Occupation,Occupation Low Skilled Employment,21000,Not published
2020,Calendar year,National,E92000001,England,Graduates 21-30,Industry,Industry Manufacturing,32000,66
2020,Calendar year,National,E92000001,England,Graduates 21-30,Industry,Industry Construction,28000,36
2020,Calendar year,National,E92000001,England,Graduates 21-30,Industry,Industry Distribution or Hotels or Restaurants,23000,121
2020,Calendar year,National,E92000001,England,Graduates 21-30,Industry,Industry Transport and Communication,30000,111
2020,Calendar year,National,E92000001,England,Graduates 21-30,Industry,Industry Banking and Finance,28500,310
2020,Calendar year,National,E92000001,England,Graduates 21-30,Industry,Industry Public Admin or Education or Health,26500,423
2020,Calendar year,National,E92000001,England,Graduates 21-30,Government Office Region,Government Office Region North East,24500,Not published
2020,Calendar year,National,E92000001,England,Graduates 21-30,Government Office Region,Government Office Region North West (inc Merseyside),25500,Not published
2020,Calendar year,National,E92000001,England,Graduates 21-30,Government Office Region,Government Office Region Yorkshire and Humberside,25000,Not published
2020,Calendar year,National,E92000001,England,Graduates 21-30,Government Office Region,Government Office Region East Midlands,24500,Not published
2020,Calendar year,National,E92000001,England,Graduates 21-30,Government Office Region,Government Office Region West Midlands,25500,Not published
2020,Calendar year,National,E92000001,England,Graduates 21-30,Government Office Region,Government Office Region Eastern,26500,Not published
2020,Calendar year,National,E92000001,England,Graduates 21-30,Government Office Region,Government Office Region London,32500,Not published
2020,Calendar year,National,E92000001,England,Graduates 21-30,Government Office Region,Government Office Region South East,26000,Not published
2020,Calendar year,National,E92000001,England,Graduates 21-30,Government Office Region,Government Office Region South West,25000,Not published
2020,Calendar year,National,E92000001,England,Graduates 21-30,Industry and Gender,Industry Manufacturing and Gender Male,35000,37
2020,Calendar year,National,E92000001,England,Graduates 21-30,Industry and Gender,Industry Construction and Gender Male,:,21
2020,Calendar year,National,E92000001,England,Graduates 21-30,Industry and Gender,Industry Distribution or Hotels or Restaurants and Gender Male,22000,57
2020,Calendar year,National,E92000001,England,Graduates 21-30,Industry and Gender,Industry Transport and Communication and Gender Male,30000,70
2020,Calendar year,National,E92000001,England,Graduates 21-30,Industry and Gender,Industry Banking and Finance and Gender Male,30500,156
2020,Calendar year,National,E92000001,England,Graduates 21-30,Industry and Gender,Industry Public Admin or Education or Health and Gender Male,27500,127
2020,Calendar year,National,E92000001,England,Graduates 21-30,Industry and Gender,Industry Manufacturing and Gender Female,:,29
2020,Calendar year,National,E92000001,England,Graduates 21-30,Industry and Gender,Industry Construction and Gender Female,:,15
2020,Calendar year,National,E92000001,England,Graduates 21-30,Industry and Gender,Industry Distribution or Hotels or Restaurants and Gender Female,24000,64
2020,Calendar year,National,E92000001,England,Graduates 21-30,Industry and Gender,Industry Transport and Communication and Gender Female,28000,41
2020,Calendar year,National,E92000001,England,Graduates 21-30,Industry and Gender,Industry Banking and Finance and Gender Female,27500,154
2020,Calendar year,National,E92000001,England,Graduates 21-30,Industry and Gender,Industry Public Admin or Education or Health and Gender Female,26500,296
