time_period,time_identifier,geographic_level,country_code,country_name,age_group,graduate_type,gender,median
2007,Calendar year,National,E92000001,England,Age Group 21-30,Graduate,Total,23000
2007,Calendar year,National,E92000001,England,Age Group 21-30,Non-Graduate,Total,17000
2007,Calendar year,National,E92000001,England,Age Group 21-30,Postgraduate,Total,26500
2007,Calendar year,National,E92000001,England,Age Group 16-64,Graduate,Total,30000
2007,Calendar year,National,E92000001,England,Age Group 16-64,Non-Graduate,Total,20000
2007,Calendar year,National,E92000001,England,Age Group 16-64,Postgraduate,Total,35500
2007,Calendar year,National,E92000001,England,Age Group 16-64,Graduate,Gender Male,33000
2007,Calendar year,National,E92000001,England,Age Group 16-64,Non-Graduate,Gender Male,22000
2007,Calendar year,National,E92000001,England,Age Group 16-64,Postgraduate,Gender Male,39000
2007,Calendar year,National,E92000001,England,Age Group 16-64,Graduate,Gender Female,27000
2007,Calendar year,National,E92000001,England,Age Group 16-64,Non-Graduate,Gender Female,17000
2007,Calendar year,National,E92000001,England,Age Group 16-64,Postgraduate,Gender Female,32000
2007,Calendar year,National,E92000001,England,Age Group 21-30,Graduate,Gender Male,24000
2007,Calendar year,National,E92000001,England,Age Group 21-30,Non-Graduate,Gender Male,18000
2007,Calendar year,National,E92000001,England,Age Group 21-30,Postgraduate,Gender Male,29000
2007,Calendar year,National,E92000001,England,Age Group 21-30,Graduate,Gender Female,21500
2007,Calendar year,National,E92000001,England,Age Group 21-30,Non-Graduate,Gender Female,15500
2007,Calendar year,National,E92000001,England,Age Group 21-30,Postgraduate,Gender Female,25000
2008,Calendar year,National,E92000001,England,Age Group 21-30,Graduate,Total,24000
2008,Calendar year,National,E92000001,England,Age Group 21-30,Non-Graduate,Total,18000
2008,Calendar year,National,E92000001,England,Age Group 21-30,Postgraduate,Total,28000
2008,Calendar year,National,E92000001,England,Age Group 16-64,Graduate,Total,31000
2008,Calendar year,National,E92000001,England,Age Group 16-64,Non-Graduate,Total,20000
2008,Calendar year,National,E92000001,England,Age Group 16-64,Postgraduate,Total,36000
2008,Calendar year,National,E92000001,England,Age Group 16-64,Graduate,Gender Male,35000
2008,Calendar year,National,E92000001,England,Age Group 16-64,Non-Graduate,Gender Male,22500
2008,Calendar year,National,E92000001,England,Age Group 16-64,Postgraduate,Gender Male,39000
2008,Calendar year,National,E92000001,England,Age Group 16-64,Graduate,Gender Female,27000
2008,Calendar year,National,E92000001,England,Age Group 16-64,Non-Graduate,Gender Female,17500
2008,Calendar year,National,E92000001,England,Age Group 16-64,Postgraduate,Gender Female,33000
2008,Calendar year,National,E92000001,England,Age Group 21-30,Graduate,Gender Male,25000
2008,Calendar year,National,E92000001,England,Age Group 21-30,Non-Graduate,Gender Male,18500
2008,Calendar year,National,E92000001,England,Age Group 21-30,Postgraduate,Gender Male,30000
2008,Calendar year,National,E92000001,England,Age Group 21-30,Graduate,Gender Female,22500
2008,Calendar year,National,E92000001,England,Age Group 21-30,Non-Graduate,Gender Female,16000
2008,Calendar year,National,E92000001,England,Age Group 21-30,Postgraduate,Gender Female,26500
2009,Calendar year,National,E92000001,England,Age Group 21-30,Graduate,Total,24000
2009,Calendar year,National,E92000001,England,Age Group 21-30,Non-Graduate,Total,17500
2009,Calendar year,National,E92000001,England,Age Group 21-30,Postgraduate,Total,28000
2009,Calendar year,National,E92000001,England,Age Group 16-64,Graduate,Total,31500
2009,Calendar year,National,E92000001,England,Age Group 16-64,Non-Graduate,Total,21000
2009,Calendar year,National,E92000001,England,Age Group 16-64,Postgraduate,Total,37000
2009,Calendar year,National,E92000001,England,Age Group 16-64,Graduate,Gender Male,35000
2009,Calendar year,National,E92000001,England,Age Group 16-64,Non-Graduate,Gender Male,23000
2009,Calendar year,National,E92000001,England,Age Group 16-64,Postgraduate,Gender Male,40500
2009,Calendar year,National,E92000001,England,Age Group 16-64,Graduate,Gender Female,27500
2009,Calendar year,National,E92000001,England,Age Group 16-64,Non-Graduate,Gender Female,17500
2009,Calendar year,National,E92000001,England,Age Group 16-64,Postgraduate,Gender Female,34000
2009,Calendar year,National,E92000001,England,Age Group 21-30,Graduate,Gender Male,24000
2009,Calendar year,National,E92000001,England,Age Group 21-30,Non-Graduate,Gender Male,18500
2009,Calendar year,National,E92000001,England,Age Group 21-30,Postgraduate,Gender Male,30000
2009,Calendar year,National,E92000001,England,Age Group 21-30,Graduate,Gender Female,24000
2009,Calendar year,National,E92000001,England,Age Group 21-30,Non-Graduate,Gender Female,15500
2009,Calendar year,National,E92000001,England,Age Group 21-30,Postgraduate,Gender Female,27000
2010,Calendar year,National,E92000001,England,Age Group 21-30,Graduate,Total,24000
2010,Calendar year,National,E92000001,England,Age Group 21-30,Non-Graduate,Total,18000
2010,Calendar year,National,E92000001,England,Age Group 21-30,Postgraduate,Total,28000
2010,Calendar year,National,E92000001,England,Age Group 16-64,Graduate,Total,32000
2010,Calendar year,National,E92000001,England,Age Group 16-64,Non-Graduate,Total,21000
2010,Calendar year,National,E92000001,England,Age Group 16-64,Postgraduate,Total,37500
2010,Calendar year,National,E92000001,England,Age Group 16-64,Graduate,Gender Male,36000
2010,Calendar year,National,E92000001,England,Age Group 16-64,Non-Graduate,Gender Male,23500
2010,Calendar year,National,E92000001,England,Age Group 16-64,Postgraduate,Gender Male,42000
2010,Calendar year,National,E92000001,England,Age Group 16-64,Graduate,Gender Female,28000
2010,Calendar year,National,E92000001,England,Age Group 16-64,Non-Graduate,Gender Female,18000
2010,Calendar year,National,E92000001,England,Age Group 16-64,Postgraduate,Gender Female,35000
2010,Calendar year,National,E92000001,England,Age Group 21-30,Graduate,Gender Male,25000
2010,Calendar year,National,E92000001,England,Age Group 21-30,Non-Graduate,Gender Male,19000
2010,Calendar year,National,E92000001,England,Age Group 21-30,Postgraduate,Gender Male,29000
2010,Calendar year,National,E92000001,England,Age Group 21-30,Graduate,Gender Female,23000
2010,Calendar year,National,E92000001,England,Age Group 21-30,Non-Graduate,Gender Female,16000
2010,Calendar year,National,E92000001,England,Age Group 21-30,Postgraduate,Gender Female,27500
2011,Calendar year,National,E92000001,England,Age Group 21-30,Graduate,Total,24000
2011,Calendar year,National,E92000001,England,Age Group 21-30,Non-Graduate,Total,18000
2011,Calendar year,National,E92000001,England,Age Group 21-30,Postgraduate,Total,27000
2011,Calendar year,National,E92000001,England,Age Group 16-64,Graduate,Total,32000
2011,Calendar year,National,E92000001,England,Age Group 16-64,Non-Graduate,Total,21000
2011,Calendar year,National,E92000001,England,Age Group 16-64,Postgraduate,Total,38000
2011,Calendar year,National,E92000001,England,Age Group 16-64,Graduate,Gender Male,36000
2011,Calendar year,National,E92000001,England,Age Group 16-64,Non-Graduate,Gender Male,24000
2011,Calendar year,National,E92000001,England,Age Group 16-64,Postgraduate,Gender Male,41000
2011,Calendar year,National,E92000001,England,Age Group 16-64,Graduate,Gender Female,28000
2011,Calendar year,National,E92000001,England,Age Group 16-64,Non-Graduate,Gender Female,18000
2011,Calendar year,National,E92000001,England,Age Group 16-64,Postgraduate,Gender Female,35000
2011,Calendar year,National,E92000001,England,Age Group 21-30,Graduate,Gender Male,26000
2011,Calendar year,National,E92000001,England,Age Group 21-30,Non-Graduate,Gender Male,19000
2011,Calendar year,National,E92000001,England,Age Group 21-30,Postgraduate,Gender Male,28000
2011,Calendar year,National,E92000001,England,Age Group 21-30,Graduate,Gender Female,23000
2011,Calendar year,National,E92000001,England,Age Group 21-30,Non-Graduate,Gender Female,16000
2011,Calendar year,National,E92000001,England,Age Group 21-30,Postgraduate,Gender Female,27000
2012,Calendar year,National,E92000001,England,Age Group 21-30,Graduate,Total,24000
2012,Calendar year,National,E92000001,England,Age Group 21-30,Non-Graduate,Total,18000
2012,Calendar year,National,E92000001,England,Age Group 21-30,Postgraduate,Total,28000
2012,Calendar year,National,E92000001,England,Age Group 16-64,Graduate,Total,32000
2012,Calendar year,National,E92000001,England,Age Group 16-64,Non-Graduate,Total,21500
2012,Calendar year,National,E92000001,England,Age Group 16-64,Postgraduate,Total,38500
2012,Calendar year,National,E92000001,England,Age Group 16-64,Graduate,Gender Female,28000
2012,Calendar year,National,E92000001,England,Age Group 16-64,Non-Graduate,Gender Female,18000
2012,Calendar year,National,E92000001,England,Age Group 16-64,Postgraduate,Gender Female,36000
2012,Calendar year,National,E92000001,England,Age Group 16-64,Graduate,Gender Male,35500
2012,Calendar year,National,E92000001,England,Age Group 16-64,Non-Graduate,Gender Male,24000
2012,Calendar year,National,E92000001,England,Age Group 16-64,Postgraduate,Gender Male,42000
2012,Calendar year,National,E92000001,England,Age Group 21-30,Graduate,Gender Female,22500
2012,Calendar year,National,E92000001,England,Age Group 21-30,Non-Graduate,Gender Female,16500
2012,Calendar year,National,E92000001,England,Age Group 21-30,Postgraduate,Gender Female,27000
2012,Calendar year,National,E92000001,England,Age Group 21-30,Graduate,Gender Male,25000
2012,Calendar year,National,E92000001,England,Age Group 21-30,Non-Graduate,Gender Male,19000
2012,Calendar year,National,E92000001,England,Age Group 21-30,Postgraduate,Gender Male,29000
2013,Calendar year,National,E92000001,England,Age Group 21-30,Graduate,Total,24000
2013,Calendar year,National,E92000001,England,Age Group 21-30,Non-Graduate,Total,18000
2013,Calendar year,National,E92000001,England,Age Group 21-30,Postgraduate,Total,27500
2013,Calendar year,National,E92000001,England,Age Group 16-64,Graduate,Total,32500
2013,Calendar year,National,E92000001,England,Age Group 16-64,Non-Graduate,Total,22000
2013,Calendar year,National,E92000001,England,Age Group 16-64,Postgraduate,Total,38000
2013,Calendar year,National,E92000001,England,Age Group 16-64,Graduate,Gender Male,36000
2013,Calendar year,National,E92000001,England,Age Group 16-64,Non-Graduate,Gender Male,24000
2013,Calendar year,National,E92000001,England,Age Group 16-64,Postgraduate,Gender Male,40000
2013,Calendar year,National,E92000001,England,Age Group 16-64,Graduate,Gender Female,28500
2013,Calendar year,National,E92000001,England,Age Group 16-64,Non-Graduate,Gender Female,18500
2013,Calendar year,National,E92000001,England,Age Group 16-64,Postgraduate,Gender Female,35500
2013,Calendar year,National,E92000001,England,Age Group 21-30,Graduate,Gender Male,25500
2013,Calendar year,National,E92000001,England,Age Group 21-30,Non-Graduate,Gender Male,19000
2013,Calendar year,National,E92000001,England,Age Group 21-30,Postgraduate,Gender Male,28000
2013,Calendar year,National,E92000001,England,Age Group 21-30,Graduate,Gender Female,22500
2013,Calendar year,National,E92000001,England,Age Group 21-30,Non-Graduate,Gender Female,16500
2013,Calendar year,National,E92000001,England,Age Group 21-30,Postgraduate,Gender Female,27000
2014,Calendar year,National,E92000001,England,Age Group 21-30,Graduate,Total,24000
2014,Calendar year,National,E92000001,England,Age Group 21-30,Non-Graduate,Total,18000
2014,Calendar year,National,E92000001,England,Age Group 21-30,Postgraduate,Total,27500
2014,Calendar year,National,E92000001,England,Age Group 16-64,Graduate,Total,32000
2014,Calendar year,National,E92000001,England,Age Group 16-64,Non-Graduate,Total,22000
2014,Calendar year,National,E92000001,England,Age Group 16-64,Postgraduate,Total,39000
2014,Calendar year,National,E92000001,England,Age Group 16-64,Graduate,Gender Male,36000
2014,Calendar year,National,E92000001,England,Age Group 16-64,Non-Graduate,Gender Male,24500
2014,Calendar year,National,E92000001,England,Age Group 16-64,Postgraduate,Gender Male,42000
2014,Calendar year,National,E92000001,England,Age Group 16-64,Graduate,Gender Female,28000
2014,Calendar year,National,E92000001,England,Age Group 16-64,Non-Graduate,Gender Female,19000
2014,Calendar year,National,E92000001,England,Age Group 16-64,Postgraduate,Gender Female,35000
2014,Calendar year,National,E92000001,England,Age Group 21-30,Graduate,Gender Male,25500
2014,Calendar year,National,E92000001,England,Age Group 21-30,Non-Graduate,Gender Male,19000
2014,Calendar year,National,E92000001,England,Age Group 21-30,Postgraduate,Gender Male,28500
2014,Calendar year,National,E92000001,England,Age Group 21-30,Graduate,Gender Female,23000
2014,Calendar year,National,E92000001,England,Age Group 21-30,Non-Graduate,Gender Female,16500
2014,Calendar year,National,E92000001,England,Age Group 21-30,Postgraduate,Gender Female,26000
2015,Calendar year,National,E92000001,England,Age Group 21-30,Graduate,Total,24000
2015,Calendar year,National,E92000001,England,Age Group 21-30,Non-Graduate,Total,18000
2015,Calendar year,National,E92000001,England,Age Group 21-30,Postgraduate,Total,28000
2015,Calendar year,National,E92000001,England,Age Group 16-64,Graduate,Total,32000
2015,Calendar year,National,E92000001,England,Age Group 16-64,Non-Graduate,Total,22000
2015,Calendar year,National,E92000001,England,Age Group 16-64,Postgraduate,Total,39500
2015,Calendar year,National,E92000001,England,Age Group 16-64,Graduate,Gender Male,36000
2015,Calendar year,National,E92000001,England,Age Group 16-64,Non-Graduate,Gender Male,24500
2015,Calendar year,National,E92000001,England,Age Group 16-64,Postgraduate,Gender Male,43000
2015,Calendar year,National,E92000001,England,Age Group 16-64,Graduate,Gender Female,28000
2015,Calendar year,National,E92000001,England,Age Group 16-64,Non-Graduate,Gender Female,19000
2015,Calendar year,National,E92000001,England,Age Group 16-64,Postgraduate,Gender Female,35500
2015,Calendar year,National,E92000001,England,Age Group 21-30,Graduate,Gender Male,25000
2015,Calendar year,National,E92000001,England,Age Group 21-30,Non-Graduate,Gender Male,19000
2015,Calendar year,National,E92000001,England,Age Group 21-30,Postgraduate,Gender Male,29000
2015,Calendar year,National,E92000001,England,Age Group 21-30,Graduate,Gender Female,23000
2015,Calendar year,National,E92000001,England,Age Group 21-30,Non-Graduate,Gender Female,16500
2015,Calendar year,National,E92000001,England,Age Group 21-30,Postgraduate,Gender Female,27500
2016,Calendar year,National,E92000001,England,Age Group 21-30,Graduate,Total,24500
2016,Calendar year,National,E92000001,England,Age Group 21-30,Non-Graduate,Total,19000
2016,Calendar year,National,E92000001,England,Age Group 21-30,Postgraduate,Total,29000
2016,Calendar year,National,E92000001,England,Age Group 16-64,Graduate,Total,32000
2016,Calendar year,National,E92000001,England,Age Group 16-64,Non-Graduate,Total,22500
2016,Calendar year,National,E92000001,England,Age Group 16-64,Postgraduate,Total,38000
2016,Calendar year,National,E92000001,England,Age Group 16-64,Graduate,Gender Male,36000
2016,Calendar year,National,E92000001,England,Age Group 16-64,Non-Graduate,Gender Male,25000
2016,Calendar year,National,E92000001,England,Age Group 16-64,Postgraduate,Gender Male,42000
2016,Calendar year,National,E92000001,England,Age Group 16-64,Graduate,Gender Female,28000
2016,Calendar year,National,E92000001,England,Age Group 16-64,Non-Graduate,Gender Female,19000
2016,Calendar year,National,E92000001,England,Age Group 16-64,Postgraduate,Gender Female,35000
2016,Calendar year,National,E92000001,England,Age Group 21-30,Graduate,Gender Male,26000
2016,Calendar year,National,E92000001,England,Age Group 21-30,Non-Graduate,Gender Male,20500
2016,Calendar year,National,E92000001,England,Age Group 21-30,Postgraduate,Gender Male,30000
2016,Calendar year,National,E92000001,England,Age Group 21-30,Graduate,Gender Female,23500
2016,Calendar year,National,E92000001,England,Age Group 21-30,Non-Graduate,Gender Female,17000
2016,Calendar year,National,E92000001,England,Age Group 21-30,Postgraduate,Gender Female,28000
2017,Calendar year,National,E92000001,England,Age Group 21-30,Graduate,Total,25000
2017,Calendar year,National,E92000001,England,Age Group 21-30,Non-Graduate,Total,19500
2017,Calendar year,National,E92000001,England,Age Group 21-30,Postgraduate,Total,28000
2017,Calendar year,National,E92000001,England,Age Group 16-64,Graduate,Total,33000
2017,Calendar year,National,E92000001,England,Age Group 16-64,Non-Graduate,Total,23000
2017,Calendar year,National,E92000001,England,Age Group 16-64,Postgraduate,Total,39000
2017,Calendar year,National,E92000001,England,Age Group 16-64,Graduate,Gender Male,38000
2017,Calendar year,National,E92000001,England,Age Group 16-64,Non-Graduate,Gender Male,25500
2017,Calendar year,National,E92000001,England,Age Group 16-64,Postgraduate,Gender Male,42000
2017,Calendar year,National,E92000001,England,Age Group 16-64,Graduate,Gender Female,29000
2017,Calendar year,National,E92000001,England,Age Group 16-64,Non-Graduate,Gender Female,19000
2017,Calendar year,National,E92000001,England,Age Group 16-64,Postgraduate,Gender Female,36000
2017,Calendar year,National,E92000001,England,Age Group 21-30,Graduate,Gender Male,26500
2017,Calendar year,National,E92000001,England,Age Group 21-30,Non-Graduate,Gender Male,21000
2017,Calendar year,National,E92000001,England,Age Group 21-30,Postgraduate,Gender Male,30000
2017,Calendar year,National,E92000001,England,Age Group 21-30,Graduate,Gender Female,23000
2017,Calendar year,National,E92000001,England,Age Group 21-30,Non-Graduate,Gender Female,18000
2017,Calendar year,National,E92000001,England,Age Group 21-30,Postgraduate,Gender Female,27000
2018,Calendar year,National,E92000001,England,Age Group 21-30,Graduate,Total,25500
2018,Calendar year,National,E92000001,England,Age Group 21-30,Non-Graduate,Total,21000
2018,Calendar year,National,E92000001,England,Age Group 21-30,Postgraduate,Total,30000
2018,Calendar year,National,E92000001,England,Age Group 16-64,Graduate,Total,34000
2018,Calendar year,National,E92000001,England,Age Group 16-64,Non-Graduate,Total,24000
2018,Calendar year,National,E92000001,England,Age Group 16-64,Postgraduate,Total,40000
2018,Calendar year,National,E92000001,England,Age Group 16-64,Graduate,Gender Female,29000
2018,Calendar year,National,E92000001,England,Age Group 16-64,Non-Graduate,Gender Female,20000
2018,Calendar year,National,E92000001,England,Age Group 16-64,Postgraduate,Gender Female,37000
2018,Calendar year,National,E92000001,England,Age Group 16-64,Graduate,Gender Male,38500
2018,Calendar year,National,E92000001,England,Age Group 16-64,Non-Graduate,Gender Male,26500
2018,Calendar year,National,E92000001,England,Age Group 16-64,Postgraduate,Gender Male,43000
2018,Calendar year,National,E92000001,England,Age Group 21-30,Graduate,Gender Female,24500
2018,Calendar year,National,E92000001,England,Age Group 21-30,Non-Graduate,Gender Female,18500
2018,Calendar year,National,E92000001,England,Age Group 21-30,Postgraduate,Gender Female,28500
2018,Calendar year,National,E92000001,England,Age Group 21-30,Graduate,Gender Male,28000
2018,Calendar year,National,E92000001,England,Age Group 21-30,Non-Graduate,Gender Male,22000
2018,Calendar year,National,E92000001,England,Age Group 21-30,Postgraduate,Gender Male,32000
2019,Calendar year,National,E92000001,England,Age Group 21-30,Graduate,Total,27000
2019,Calendar year,National,E92000001,England,Age Group 21-30,Non-Graduate,Total,21500
2019,Calendar year,National,E92000001,England,Age Group 21-30,Postgraduate,Total,30500
2019,Calendar year,National,E92000001,England,Age Group 16-64,Graduate,Total,34000
2019,Calendar year,National,E92000001,England,Age Group 16-64,Non-Graduate,Total,25000
2019,Calendar year,National,E92000001,England,Age Group 16-64,Postgraduate,Total,42000
2019,Calendar year,National,E92000001,England,Age Group 16-64,Graduate,Gender Male,40000
2019,Calendar year,National,E92000001,England,Age Group 16-64,Non-Graduate,Gender Male,27000
2019,Calendar year,National,E92000001,England,Age Group 16-64,Postgraduate,Gender Male,45000
2019,Calendar year,National,E92000001,England,Age Group 16-64,Graduate,Gender Female,30000
2019,Calendar year,National,E92000001,England,Age Group 16-64,Non-Graduate,Gender Female,21500
2019,Calendar year,National,E92000001,England,Age Group 16-64,Postgraduate,Gender Female,37500
2019,Calendar year,National,E92000001,England,Age Group 21-30,Graduate,Gender Male,29000
2019,Calendar year,National,E92000001,England,Age Group 21-30,Non-Graduate,Gender Male,23000
2019,Calendar year,National,E92000001,England,Age Group 21-30,Postgraduate,Gender Male,34000
2019,Calendar year,National,E92000001,England,Age Group 21-30,Graduate,Gender Female,25500
2019,Calendar year,National,E92000001,England,Age Group 21-30,Non-Graduate,Gender Female,20000
2019,Calendar year,National,E92000001,England,Age Group 21-30,Postgraduate,Gender Female,29000
2020,Calendar year,National,E92000001,England,Age Group 21-30,Graduate,Total,28000
2020,Calendar year,National,E92000001,England,Age Group 21-30,Non-Graduate,Total,21500
2020,Calendar year,National,E92000001,England,Age Group 21-30,Postgraduate,Total,31000
2020,Calendar year,National,E92000001,England,Age Group 16-64,Graduate,Total,35000
2020,Calendar year,National,E92000001,England,Age Group 16-64,Non-Graduate,Total,25500
2020,Calendar year,National,E92000001,England,Age Group 16-64,Postgraduate,Total,42000
2020,Calendar year,National,E92000001,England,Age Group 16-64,Graduate,Gender Male,39000
2020,Calendar year,National,E92000001,England,Age Group 16-64,Non-Graduate,Gender Male,28000
2020,Calendar year,National,E92000001,England,Age Group 16-64,Postgraduate,Gender Male,45000
2020,Calendar year,National,E92000001,England,Age Group 16-64,Graduate,Gender Female,30500
2020,Calendar year,National,E92000001,England,Age Group 16-64,Non-Graduate,Gender Female,22000
2020,Calendar year,National,E92000001,England,Age Group 16-64,Postgraduate,Gender Female,38000
2020,Calendar year,National,E92000001,England,Age Group 21-30,Graduate,Gender Male,28500
2020,Calendar year,National,E92000001,England,Age Group 21-30,Non-Graduate,Gender Male,23000
2020,Calendar year,National,E92000001,England,Age Group 21-30,Postgraduate,Gender Male,34000
2020,Calendar year,National,E92000001,England,Age Group 21-30,Graduate,Gender Female,27000
2020,Calendar year,National,E92000001,England,Age Group 21-30,Non-Graduate,Gender Female,20000
2020,Calendar year,National,E92000001,England,Age Group 21-30,Postgraduate,Gender Female,30000
